NonWarmedLake,WarmedLake
2.2746,2.6348
0.85118,0.24892
5.131,6.1008
2.4097,2.7727
4.4123,5.9629
3.3358,3.5002
3.5051,3.9981
6.3912,6.9849
4.0236,5.8092
4.6895,4.3631
